{
    "epochs": [
        1,
        2,
        3,
        4,
        5,
        6,
        7,
        8,
        9,
        10,
        11,
        12,
        13,
        14,
        15,
        16,
        17,
        18,
        19,
        20
    ],
    "train_losses": [
        0.7251689404249191,
        0.6878190166420407,
        0.6807475765546163,
        0.6785267581542332,
        0.6772691018051571,
        0.6762196878592174,
        0.6752694103452894,
        0.6743325302998225,
        0.6734353419807222,
        0.6725596212678485,
        0.6717689841985702,
        0.6710145817862616,
        0.6703161494599448,
        0.669679018855095,
        0.669098209672504,
        0.6686192790667216,
        0.6681732965840234,
        0.6677651186784108,
        0.667460263106558,
        0.6671451224221123
    ],
    "val_losses": [
        0.6380454545219739,
        0.6305259734392166,
        0.6290589228272438,
        0.6286397034923236,
        0.6284433881441752,
        0.6282440359393756,
        0.6280129298567771,
        0.6277655139565468,
        0.6275638292233149,
        0.6273772299289704,
        0.6273368045687675,
        0.6272805611292521,
        0.627184518178304,
        0.6272249281406402,
        0.627150745689869,
        0.6273910120129585,
        0.6274959469834963,
        0.6275449767708778,
        0.6276853422323863,
        0.6279668981830279
    ],
    "train_accuracy": [
        0.8222222328186035,
        0.8333333134651184,
        0.8222222328186035,
        0.8222222328186035,
        0.8333333134651184,
        0.8333333134651184,
        0.8444444537162781,
        0.8444444537162781,
        0.8444444537162781,
        0.855555534362793,
        0.855555534362793,
        0.855555534362793,
        0.855555534362793,
        0.855555534362793,
        0.855555534362793,
        0.8666666746139526,
        0.8666666746139526,
        0.8666666746139526,
        0.8666666746139526,
        0.8666666746139526
    ],
    "val_accuracy": [
        0.8999999761581421,
        0.8999999761581421,
        0.8999999761581421,
        0.8999999761581421,
        0.8999999761581421,
        0.8999999761581421,
        0.8999999761581421,
        0.8999999761581421,
        0.8999999761581421,
        0.8999999761581421,
        0.8999999761581421,
        0.8999999761581421,
        0.8999999761581421,
        0.8999999761581421,
        0.8999999761581421,
        0.9166666865348816,
        0.9166666865348816,
        0.9166666865348816,
        0.9166666865348816,
        0.9166666865348816
    ]
}