{
    "dataset": "iris",
    "circuit": [
        [
            "CZ",
            null,
            [
                4,
                2
            ]
        ],
        [
            "phased_rx_gate",
            [
                "x_1",
                "t_0"
            ],
            [
                1
            ]
        ],
        [
            "CZ",
            null,
            [
                2,
                3
            ]
        ],
        [
            "CZ",
            null,
            [
                1,
                2
            ]
        ],
        [
            "phased_rx_gate",
            [
                "x_2",
                "t_1"
            ],
            [
                1
            ]
        ],
        [
            "phased_rx_gate",
            [
                "x_3",
                "t_2"
            ],
            [
                1
            ]
        ],
        [
            "CZ",
            null,
            [
                4,
                2
            ]
        ],
        [
            "phased_rx_gate",
            [
                "x_2",
                "t_3"
            ],
            [
                0
            ]
        ],
        [
            "phased_rx_gate",
            [
                "x_1",
                "t_4"
            ],
            [
                2
            ]
        ],
        [
            "phased_rx_gate",
            [
                "x_2",
                "t_5"
            ],
            [
                1
            ]
        ]
    ],
    "accuracy": 1.0,
    "params": [
        0.1568979173898697,
        2.491683006286621,
        1.190129280090332,
        1.1708732843399048,
        0.0974043607711792,
        1.193095326423645,
        3.1118271350860596,
        0.48266464471817017,
        2.72697114944458,
        0.30454227328300476
    ]
}