{
    "dataset": "iris",
    "circuit": [
        [
            "CZ",
            null,
            [
                4,
                2
            ]
        ],
        [
            "phased_rx_gate",
            [
                "x_1",
                "t_0"
            ],
            [
                1
            ]
        ],
        [
            "CZ",
            null,
            [
                2,
                3
            ]
        ],
        [
            "CZ",
            null,
            [
                1,
                2
            ]
        ],
        [
            "phased_rx_gate",
            [
                "x_2",
                "t_1"
            ],
            [
                1
            ]
        ],
        [
            "phased_rx_gate",
            [
                "x_3",
                "t_2"
            ],
            [
                1
            ]
        ],
        [
            "CZ",
            null,
            [
                4,
                2
            ]
        ],
        [
            "phased_rx_gate",
            [
                "x_2",
                "t_3"
            ],
            [
                0
            ]
        ],
        [
            "phased_rx_gate",
            [
                "x_1",
                "t_4"
            ],
            [
                2
            ]
        ],
        [
            "phased_rx_gate",
            [
                "x_2",
                "t_5"
            ],
            [
                1
            ]
        ]
    ],
    "test_accuracy": 0.9166666865348816,
    "params": [
        1.5099732875823975,
        1.7018483877182007,
        2.531606674194336,
        1.7912086248397827,
        0.6387283802032471,
        3.0756499767303467,
        1.5507252216339111,
        0.2446485161781311,
        0.29285964369773865,
        1.6263208389282227
    ]
}