{
    "epochs": [
        1,
        2,
        3,
        4,
        5,
        6,
        7,
        8,
        9,
        10,
        11,
        12,
        13,
        14,
        15,
        16,
        17,
        18,
        19,
        20
    ],
    "train_losses": [
        0.8426051964857711,
        0.8426051964857711,
        0.8426051964857711,
        0.8426051964857711,
        0.8426051964857711,
        0.8426051964857711,
        0.8426051964857711,
        0.8426051964857711,
        0.8426051964857711,
        0.8426051964857711,
        0.8426051964857711,
        0.8426051964857711,
        0.8426051964857711,
        0.8426051964857711,
        0.8426051964857711,
        0.8426051964857711,
        0.8426051964857711,
        0.8426051964857711,
        0.8426051964857711,
        0.8426051964857711
    ],
    "val_losses": [
        0.836046042149527,
        0.836046042149527,
        0.836046042149527,
        0.836046042149527,
        0.836046042149527,
        0.836046042149527,
        0.836046042149527,
        0.836046042149527,
        0.836046042149527,
        0.836046042149527,
        0.836046042149527,
        0.836046042149527,
        0.836046042149527,
        0.836046042149527,
        0.836046042149527,
        0.836046042149527,
        0.836046042149527,
        0.836046042149527,
        0.836046042149527,
        0.836046042149527
    ],
    "train_accuracy": [
        0.6275659799575806,
        0.6275659799575806,
        0.6275659799575806,
        0.6275659799575806,
        0.6275659799575806,
        0.6275659799575806,
        0.6275659799575806,
        0.6275659799575806,
        0.6275659799575806,
        0.6275659799575806,
        0.6275659799575806,
        0.6275659799575806,
        0.6275659799575806,
        0.6275659799575806,
        0.6275659799575806,
        0.6275659799575806,
        0.6275659799575806,
        0.6275659799575806,
        0.6275659799575806,
        0.6275659799575806
    ],
    "val_accuracy": [
        0.6228070259094238,
        0.6228070259094238,
        0.6228070259094238,
        0.6228070259094238,
        0.6228070259094238,
        0.6228070259094238,
        0.6228070259094238,
        0.6228070259094238,
        0.6228070259094238,
        0.6228070259094238,
        0.6228070259094238,
        0.6228070259094238,
        0.6228070259094238,
        0.6228070259094238,
        0.6228070259094238,
        0.6228070259094238,
        0.6228070259094238,
        0.6228070259094238,
        0.6228070259094238,
        0.6228070259094238
    ]
}