{
    "dataset": "breast_cancer",
    "circuit": [
        [
            "CZ",
            null,
            [
                2,
                1
            ]
        ],
        [
            "CZ",
            null,
            [
                0,
                2
            ]
        ],
        [
            "CZ",
            null,
            [
                2,
                1
            ]
        ],
        [
            "phased_rx_gate",
            [
                "x_22",
                "t_0"
            ],
            [
                0
            ]
        ],
        [
            "phased_rx_gate",
            [
                "x_5",
                "t_1"
            ],
            [
                3
            ]
        ],
        [
            "phased_rx_gate",
            [
                "x_2",
                "t_2"
            ],
            [
                2
            ]
        ],
        [
            "CZ",
            null,
            [
                4,
                2
            ]
        ],
        [
            "CZ",
            null,
            [
                0,
                2
            ]
        ],
        [
            "CZ",
            null,
            [
                2,
                0
            ]
        ],
        [
            "CZ",
            null,
            [
                1,
                2
            ]
        ]
    ],
    "accuracy": 1.0,
    "params": [
        3.0230257511138916,
        2.637235164642334,
        3.095768928527832,
        0.9865630865097046,
        2.6035513877868652,
        2.9342827796936035,
        0.028937894850969315,
        1.946282982826233,
        1.8698015213012695,
        2.711458444595337,
        1.148638129234314,
        1.354347586631775,
        2.8491158485412598,
        0.2184174507856369,
        0.5458193421363831,
        2.0481667518615723,
        1.1593568325042725,
        1.939921259880066,
        3.1075329780578613,
        0.40573757886886597
    ]
}