{
    "dataset": "breast_cancer",
    "circuit": [
        [
            "CZ",
            null,
            [
                2,
                1
            ]
        ],
        [
            "CZ",
            null,
            [
                0,
                2
            ]
        ],
        [
            "CZ",
            null,
            [
                2,
                1
            ]
        ],
        [
            "phased_rx_gate",
            [
                "x_22",
                "t_0"
            ],
            [
                0
            ]
        ],
        [
            "phased_rx_gate",
            [
                "x_5",
                "t_1"
            ],
            [
                3
            ]
        ],
        [
            "phased_rx_gate",
            [
                "x_2",
                "t_2"
            ],
            [
                2
            ]
        ],
        [
            "CZ",
            null,
            [
                4,
                2
            ]
        ],
        [
            "CZ",
            null,
            [
                0,
                2
            ]
        ],
        [
            "CZ",
            null,
            [
                2,
                0
            ]
        ],
        [
            "CZ",
            null,
            [
                1,
                2
            ]
        ]
    ],
    "test_accuracy": 0.6228070259094238,
    "params": [
        3.0029408931732178,
        0.3010333776473999,
        2.3947913646698,
        3.097726345062256,
        2.0702974796295166,
        2.151235580444336,
        1.7557426691055298,
        2.5066418647766113,
        1.766357183456421,
        0.7325910925865173,
        2.9623966217041016,
        1.0472673177719116,
        1.3868814706802368,
        2.491778612136841,
        1.9448082447052002,
        0.48138317465782166,
        2.261267900466919,
        2.618845224380493,
        1.43765127658844,
        2.3463857173919678
    ]
}