{
    "epochs": [
        1,
        2,
        3,
        4,
        5,
        6,
        7,
        8,
        9,
        10,
        11,
        12,
        13,
        14,
        15,
        16,
        17,
        18,
        19,
        20
    ],
    "train_losses": [
        0.8273280724039618,
        0.8170484641812882,
        0.811852551012669,
        0.8094911353205735,
        0.8082600278112123,
        0.8077004310095085,
        0.8073108258112421,
        0.8071154693387589,
        0.807171456375212,
        0.807193044783934,
        0.8071600403988136,
        0.8070817353590479,
        0.8071013135167787,
        0.8071698015028576,
        0.8071836157227462,
        0.8071098021178875,
        0.8071755480091527,
        0.8071464547571147,
        0.8070512127201512,
        0.8071816979714159
    ],
    "val_losses": [
        0.799159101727936,
        0.7913073698679606,
        0.7878173076444202,
        0.7859149819446934,
        0.7849907568759389,
        0.7845170903537009,
        0.78420481706659,
        0.7840351669324769,
        0.7840139406422774,
        0.7839812470806969,
        0.7839618304537402,
        0.7839961594177617,
        0.7840278090702163,
        0.7840042238434156,
        0.7839692057006888,
        0.7839978155162599,
        0.7839836693472333,
        0.7839399977690644,
        0.7839791940318214,
        0.783979812843932
    ],
    "train_accuracy": [
        0.7735849022865295,
        0.8113207817077637,
        0.8207547068595886,
        0.8207547068595886,
        0.8113207817077637,
        0.7830188870429993,
        0.7735849022865295,
        0.7735849022865295,
        0.7735849022865295,
        0.7641509175300598,
        0.7547169923782349,
        0.7735849022865295,
        0.7735849022865295,
        0.7735849022865295,
        0.7641509175300598,
        0.7735849022865295,
        0.7641509175300598,
        0.7547169923782349,
        0.7641509175300598,
        0.7641509175300598
    ],
    "val_accuracy": [
        0.7638888955116272,
        0.7916666865348816,
        0.8333333134651184,
        0.8472222089767456,
        0.8472222089767456,
        0.8472222089767456,
        0.8194444179534912,
        0.8055555820465088,
        0.8055555820465088,
        0.8055555820465088,
        0.7916666865348816,
        0.8055555820465088,
        0.8055555820465088,
        0.8055555820465088,
        0.7916666865348816,
        0.8055555820465088,
        0.8055555820465088,
        0.7916666865348816,
        0.8055555820465088,
        0.8055555820465088
    ]
}