{
    "dataset": "wine",
    "circuit": [
        [
            "phased_rx_gate",
            [
                "x_4",
                "t_0"
            ],
            [
                3
            ]
        ],
        [
            "phased_rx_gate",
            [
                "x_5",
                "t_1"
            ],
            [
                2
            ]
        ],
        [
            "phased_rx_gate",
            [
                "x_0",
                "t_2"
            ],
            [
                3
            ]
        ],
        [
            "phased_rx_gate",
            [
                "x_6",
                "t_3"
            ],
            [
                0
            ]
        ],
        [
            "CZ",
            null,
            [
                1,
                2
            ]
        ],
        [
            "CZ",
            null,
            [
                1,
                2
            ]
        ],
        [
            "phased_rx_gate",
            [
                "x_0",
                "t_4"
            ],
            [
                0
            ]
        ],
        [
            "CZ",
            null,
            [
                4,
                2
            ]
        ],
        [
            "phased_rx_gate",
            [
                "x_0",
                "t_5"
            ],
            [
                1
            ]
        ]
    ],
    "test_accuracy": 0.8472222089767456,
    "params": [
        2.047391653060913,
        1.566365122795105,
        2.768479347229004,
        2.1000146865844727,
        0.3299225866794586,
        2.4368386268615723,
        1.5507252216339111,
        0.2446485161781311,
        0.29285964369773865,
        1.6263208389282227
    ]
}