{
    "dataset": "wine",
    "circuit": [
        [
            "phased_rx_gate",
            [
                "x_4",
                "t_0"
            ],
            [
                3
            ]
        ],
        [
            "phased_rx_gate",
            [
                "x_5",
                "t_1"
            ],
            [
                2
            ]
        ],
        [
            "phased_rx_gate",
            [
                "x_0",
                "t_2"
            ],
            [
                3
            ]
        ],
        [
            "phased_rx_gate",
            [
                "x_6",
                "t_3"
            ],
            [
                0
            ]
        ],
        [
            "CZ",
            null,
            [
                1,
                2
            ]
        ],
        [
            "CZ",
            null,
            [
                1,
                2
            ]
        ],
        [
            "phased_rx_gate",
            [
                "x_0",
                "t_4"
            ],
            [
                0
            ]
        ],
        [
            "CZ",
            null,
            [
                4,
                2
            ]
        ],
        [
            "phased_rx_gate",
            [
                "x_0",
                "t_5"
            ],
            [
                1
            ]
        ]
    ],
    "accuracy": 1.0,
    "params": [
        1.0271077156066895,
        1.4640980958938599,
        2.3248865604400635,
        2.1888556480407715,
        2.401782989501953,
        1.89690101146698,
        0.9810658097267151,
        2.117992639541626,
        0.09699774533510208,
        1.669497013092041
    ]
}